card,printing,foil,quantity,category,notes
Aang and Katara,tle:69,unknown,1,,
"Aang, Airbending Master",tle:74,unknown,1,,
"Aang, at the Crossroads // Aang, Destined Savior",tla:304,unknown,1,,
"Aang, Swift Savior // Aang and La, Ocean's Fury",tla:204,unknown,1,,
"Aang, the Last Airbender",tla:4,unknown,1,,
Abandoned Air Temple,tla:263,unknown,1,,
Abstergo Entertainment,acr:79,unknown,1,,
Academy Manufactor,blc:264,unknown,1,,
Academy Manufactor,mh2:219,unknown,1,,
Accumulate Wisdom,tla:44,unknown,1,,
Adaptive Omnitool,drc:16,unknown,1,,
Adarkar Wastes,eoc:147,unknown,2,,
"Adeline, Resplendent Cathar",fca:1,unknown,1,,
Adept Watershaper,ecl:3,unknown,2,,
"Adrix and Nev, Twincasters",mkc:198,unknown,1,,
Advanced Reconstruction,soc:30,unknown,1,,
Adventurer's Inn,fin:271,unknown,1,,
Aerith Gainsborough,fin:4,unknown,1,,
"Aerith, Last Ancient",fic:471,unknown,1,,
"Aesi, Tyrant of Gyre Strait",dsc:210,unknown,1,,
Aetherflux Reservoir,kld:192,unknown,1,,
Agate Instigator,blc:21,unknown,1,,
Agent Frank Horrigan,pip:617,unknown,1,,
Agent of the Iron Throne,clb:107,unknown,1,,
Aggravated Assault,sld:1983,unknown,1,,
Agna Qel'a,tla:264,unknown,2,,
Airbender Ascension,tla:6,unknown,1,,
Airborne Aid,ons:62,unknown,1,,
Airship Engine Room,tla:265,unknown,1,,
"Akiri, Fearless Voyager",znr:220,unknown,1,,
Akroan Horse,c16:241,unknown,1,,
Akroma's Will,lcc:125,unknown,2,,
Al Bhed Salvagers,fin:88,unknown,1,,
Alchemist's Talent,blc:22,unknown,1,,
Alhammarret's Archive,c21:233,unknown,1,,
Alhammarret's Archive,slc:27,unknown,1,,
All Will Be One,pza:8,unknown,1,,
Alliance of Arms,plst:CMD-4,unknown,1,,
Alphinaud Leveilleur,fic:33,unknown,1,,
Altar of the Brood,slc:1,unknown,1,,
Amarant Coral,fic:457,unknown,1,,
An Offer You Can't Refuse,fdn:160,unknown,2,,
Ancient Copper Dragon,fca:12,unknown,1,,
Ancient Greenwarden,otc:186,unknown,1,,
Ancient Tomb,eos:1,unknown,1,,
Ancient Tomb,ltc:357,unknown,1,,
Ancient Tomb,plst:TMP-315,unknown,1,,
"Andúril, Flame of the West",ltr:236,unknown,1,,
Angel's Grace,ptsr:4p,unknown,1,,
Anguished Unmaking,pip:209,unknown,1,,
"Anikthea, Hand of Erebos",cmm:705,unknown,1,,
"Anim Pakal, Thousandth Moon",lci:223,unknown,2,,
Annie Joins Up,otj:191,unknown,1,,
Anointed Procession,akh:2,unknown,1,,
Anointed Procession,plst:AKH-2,unknown,1,,
"Appa, Loyal Sky Bison",tla:9,unknown,1,,
"Appa, Steadfast Guardian",tla:10,unknown,1,,
"Arabella, Abandoned Doll",dsk:208,unknown,1,,
"Aragorn, the Uniter",ltr:192,unknown,1,,
Arbor Elf,ltc:232,unknown,1,,
Arc Reactor,msh:243,unknown,1,,
Arcane Denial,msc:147,unknown,1,,
Arcane Denial,sld:2489,unknown,1,,
Arcane Lighthouse,soc:361,unknown,1,,
Arcane Signet,blc:127,unknown,1,,
Arcane Signet,cmm:367,unknown,1,,
Arcane Signet,fic:332,unknown,1,,
Arcane Signet,fic:333,unknown,1,,
Arcane Signet,fic:335,unknown,1,,
Arcane Signet,frc:20,unknown,2,,
Arcane Signet,ltc:273,unknown,1,,
Arcane Signet,m3c:283,unknown,2,,
Arcane Signet,msc:191,unknown,3,,
Arcane Signet,pip:224,unknown,1,,
Arcane Signet,soc:127,unknown,1,,
Arcane Signet,tle:315,unknown,3,,
Archangel Elspeth,mom:320,unknown,1,,
Archangel of Thune,2xm:5,unknown,1,,
Archangel of Tithes,otj:2,unknown,1,,
Archangel of Tithes,potj:2p,unknown,1,,
Archfiend of Despair,frc:46,unknown,1,,
Archmage Emeritus,tdc:145,unknown,1,,
Archmage's Charm,sld:2490,unknown,1,,
Archon of Cruelty,frc:47,unknown,1,,
Archon of Sun's Grace,woc:61,unknown,1,,
"Ardyn, the Usurper",fin:315,unknown,1,,
Arid Mesa,mh2:244,unknown,1,,
Arid Mesa,mm3:229,unknown,2,,
Arid Mesa,spg:109,unknown,1,,
"Arnyn, Deathbloom Botanist",sos:74,unknown,1,,
Artist's Talent,blb:124,unknown,2,,
Ash Barrens,fic:374,unknown,1,,
Ash Barrens,tdc:339,unknown,1,,
"Ashling, Flame Dancer",mh3:115,unknown,1,,
Ashnod's Altar,brr:67,unknown,1,,
Ashnod's Altar,cmm:368,unknown,1,,
Assassin's Trophy,soc:294,unknown,1,,
Assassin's Trophy,tmc:55,unknown,1,,
"Atreus, Impulsive Son",sld:2212,unknown,1,,
Aunt May,spm:3,unknown,1,,
Aura Shards,cmd:182,unknown,1,,
"Aurelia, the Law Above",mkm:317,unknown,1,,
"Aurelia, the Warleader",gtc:143,unknown,1,,
Auriok Champion,ima:9,unknown,1,,
Auriok Champion,plst:IMA-9,unknown,1,,
Authority of the Consuls,fic:232,unknown,2,,
Auton Soldier,who:36,unknown,1,,
"Avacyn, Angel of Hope",inr:482,unknown,1,,
"Avacyn, Angel of Horror",frc:7,unknown,1,,
"Avatar Aang // Aang, Master of Elements",tla:308,unknown,1,,
"Avatar Kyoshi, Earthbender",tle:201,unknown,1,,
Avatar's Wrath,tla:12,unknown,1,,
Avatar's Wrath,tla:365,unknown,1,,
Awaken the Woods,bro:170,unknown,1,,
"Ayara, First of Locthwain",mul:13,unknown,2,,
Azorius Chancery,2x2:400,unknown,1,,
Azorius Signet,frc:53,unknown,1,,
Azusa's Many Journeys // Likeness of the Seeker,neo:172,unknown,1,,
"Azusa, Lost but Seeking",fca:15,unknown,1,,
Ba Sing Se,tla:266,unknown,1,,
Badgermole Cub,tla:167,unknown,1,,
"Baird, Steward of Argive",plst:DOM-4,unknown,1,,
Baldur's Gate,clb:345,unknown,1,,
Barad-dûr,ltr:253,unknown,1,,
Barbara Wright,who:14,unknown,1,,
"Barret, Avalanche Leader",fic:79,unknown,1,,
Bartz and Boko,fin:175,unknown,1,,
Basilisk Gate,m3c:320,unknown,1,,
Bastion of Remembrance,j25:403,unknown,1,,
Bastion Protector,ltc:162,unknown,1,,
Battle Angels of Tyr,clb:370,unknown,1,,
Battle at the Helvault,cmm:719,unknown,1,,
Battlefield Forge,eoc:58,unknown,1,,
Battlefield Forge,fic:375,unknown,2,,
Battlefield Forge,frc:65,unknown,1,,
Battlefield Forge,ltc:296,unknown,1,,
Beast Within,mar:33,unknown,1,,
Beastcaller Savant,bfz:170,unknown,1,,
Bedevil,fic:319,unknown,1,,
Belladonna Took,hob:214,unknown,1,,
Bender's Waterskin,tla:255,unknown,6,,
Benevolent Offering,c14:3,unknown,1,,
Beregond of the Guard,ltc:9,unknown,1,,
Big Score,fic:290,unknown,1,,
Binding the Old Gods,ecc:120,unknown,1,,
Birds of Paradise,fic:483,unknown,2,,
Bitterbloom Bearer,ecl:310,unknown,1,,
Bitterblossom,2x2:69,unknown,1,,
Bitterblossom,spg:133,unknown,2,,
"Bitterthorn, Nissa's Animus",moc:132,unknown,1,,
Black Market,sld:2485,unknown,1,,
Black Market Connections,clb:669,unknown,1,,
"Black Panther, Wakandan King",sld:1747,unknown,1,,
Black Sun's Zenith,ecc:71,unknown,1,,
Blade of Selves,sld:1864,unknown,1,,
Blasphemous Act,cmm:872,unknown,1,,
Blasphemous Act,soc:238,unknown,1,,
Blasphemous Edict,fdn:57,unknown,1,,
Bleachbone Verge,dft:250,unknown,1,,
Bleachbone Verge,dft:371,unknown,1,,
Blood Artist,inr:326,unknown,1,,
Blood Artist,jmp:206,unknown,1,,
Blood Crypt,ecl:349,unknown,1,,
Blood Crypt,pecl:262p,unknown,1,,
Blood Crypt,rtr:238,unknown,1,,
Bloodghast,soc:210,unknown,1,,
Bloodletter of Aclazotz,lci:92,unknown,1,,
Bloodletter of Aclazotz,plci:92p,unknown,1,,
Bloodletter of Aclazotz,sld:2502,unknown,1,,
Bloodstained Mire,ktk:230,unknown,1,,
Bloodstained Mire,mh3:216,unknown,1,,
Bloodthirsty Conqueror,fdn:426,unknown,1,,
Bloom Tender,2x2:138,unknown,1,,
Bloom Tender,ecl:166,unknown,1,,
Blooming Marsh,otj:266,unknown,1,,
Blowfly Infestation,ecc:46,unknown,1,,
Boiling Rock Prison,tla:267,unknown,1,,
Bojuka Bog,soc:363,unknown,1,,
Bolas's Citadel,war:79,unknown,1,,
Bolt Bend,tle:163,unknown,1,,
Bonders' Enclave,fic:376,unknown,1,,
Bonders' Enclave,m3c:323,unknown,1,,
Bonus Round,plst:BBD-56,unknown,1,,
Boon of the Spirit Realm,cmm:753,unknown,1,,
Bootleggers' Stash,drc:110,unknown,1,,
"Boromir, Warden of the Tower",ltr:4,unknown,1,,
"Boromir, Warden of the Tower",ltr:407,unknown,1,,
Boros Signet,blc:128,unknown,1,,
Boros Signet,tdc:314,unknown,1,,
Bountiful Promenade,bbd:81,unknown,1,,
Bountiful Promenade,msc:226,unknown,1,,
Bountiful Promenade,plst:BBD-81,unknown,1,,
"Braids, Arisen Nightmare",pdmu:84p,unknown,1,,
Brain Freeze,slc:2,unknown,1,,
Brainstorm,frc:39,unknown,1,,
Brainstorm,sld:2491,unknown,1,,
Brainsurge,frc:40,unknown,1,,
"Brallin, Skyshark Rider",c20:4,unknown,1,,
Branchloft Pathway // Boulderloft Pathway,znr:258,unknown,1,,
Breeding Pool,eoe:278,unknown,1,,
Breeding Pool,gtc:240,unknown,1,,
Brilliant Wings,fic:454,unknown,1,,
Brotherhood Regalia,acr:71,unknown,1,,
Brushland,blc:295,unknown,1,,
Brushland,bro:298,unknown,1,,
Brushland,fic:377,unknown,1,,
Brutal Hordechief,c16:108,unknown,1,,
Bruvac the Grandiloquent,sld:2181,unknown,1,,
Bucknard's Everfull Purse,afc:57,unknown,1,,
"Bumi, Unleashed",tla:211,unknown,1,,
Buster Sword,fin:351,unknown,1,,
Cabal Coffers,ltc:360,unknown,1,,
Cabal Coffers,mh2:301,unknown,1,,
"Caduceus, Staff of Hermes",acr:2,unknown,1,,
"Caesar, Legion's Emperor",pip:1,unknown,1,,
Calculating Lich,clb:742,unknown,1,,
"Calix, Guided by Fate",mat:126,unknown,1,,
Call the Coppercoats,onc:60,unknown,1,,
Canopy Vista,tdc:343,unknown,2,,
Capital City,fin:274,unknown,1,,
Captain Lannery Storm,fca:38,unknown,1,,
Captain N'ghathrod,sld:2183,unknown,1,,
Captain Sisay,sld:51,unknown,1,,
Caretaker's Talent,blb:6,unknown,1,,
"Carmen, Cruel Skymarcher",lcc:26,unknown,1,,
Cascade Bluffs,cmm:990,unknown,1,,
Cascade Bluffs,eoc:153,unknown,2,,
Case of the Uneaten Feast,mkm:10,unknown,1,,
Castle Ardenvale,ncc:391,unknown,1,,
Cathars' Crusade,inr:337,unknown,1,,
Cauldron of Essence,sos:179,unknown,1,,
Caustic Bronco,otj:82,unknown,1,,
Cavern of Souls,lci:269,unknown,1,,
Cavern-Hoard Dragon,ltc:31,unknown,1,,
Caves of Koilos,frc:66,unknown,1,,
"Chameleon, Master of Disguise",spm:27,unknown,1,,
Champion's Helm,fic:337,unknown,1,,
Champions from Beyond,fic:11,unknown,1,,
Chance for Glory,grn:159,unknown,1,,
Chandra's Ignition,lcc:220,unknown,1,,
Chandra's Regulator,m20:131,unknown,1,,
"Chandra, Awakened Inferno",cmm:875,unknown,1,,
"Chandra, Bold Pyromancer",dom:275,unknown,1,,
"Chandra, Fire Artisan",war:119,unknown,1,,
"Chandra, Fire of Kaladesh // Chandra, Roaring Flame",plst:ORI-135,unknown,1,,
"Chandra, Legacy of Fire",cmm:735,unknown,1,,
"Chandra, Torch of Defiance",cmm:876,unknown,1,,
Changing Loyalty,soc:23,unknown,1,,
Chaos Warp,eoc:49,unknown,1,,
Chaos Warp,fic:291,unknown,1,,
Chaos Warp,msc:164,unknown,1,,
Chaos Warp,tdc:208,unknown,1,,
Charcoal Diamond,plst:MIR-296,unknown,1,,
Charismatic Conqueror,lcc:70,unknown,1,,
Chasm Skulker,fic:262,unknown,2,,
"Chatterfang, Squirrel General",blc:82,unknown,1,,
Chatterstorm,blc:210,unknown,1,,
Chivalric Alliance,moc:11,unknown,1,,
"Choco, Seeker of Paradise",fin:569,unknown,1,,
Chocobo Camp,fic:462,unknown,1,,
Chomping Changeling,ecl:172,unknown,1,,
Chromatic Lantern,ecc:138,unknown,3,,
Chromatic Lantern,frc:54,unknown,1,,
Chrome Mox,2xm:240,unknown,1,,
Chrome Mox,mrd:152,unknown,1,,
Circle of Dreams Druid,afr:176,unknown,1,,
Citadel Gate,clb:349,unknown,1,,
City of Brass,2x2:403,unknown,2,,
City of Brass,mb2:240,unknown,2,,
City of Brass,md1:15,unknown,1,,
City of Brass,tmc:62,unknown,4,,
Clackbridge Troll,eld:84,unknown,1,,
Clearwater Pathway // Murkwater Pathway,znr:260,unknown,1,,
Cleric Class,plst:AFR-6,unknown,1,,
Clever Concealment,fic:236,unknown,3,,
Clever Concealment,msc:125,unknown,2,,
Clever Concealment,onc:5,unknown,1,,
Cliffhaven Vampire,ogw:153,unknown,1,,
Clifftop Retreat,eoc:155,unknown,1,,
Clifftop Retreat,fic:381,unknown,1,,
Clifftop Retreat,frc:67,unknown,1,,
Clifftop Retreat,lcc:324,unknown,1,,
Clifftop Retreat,pip:258,unknown,1,,
Clive's Hideaway,fin:275,unknown,2,,
"Cloud, Ex-SOLDIER",fic:202,unknown,1,,
"Cloud, Midgar Mercenary",fin:564,unknown,1,,
Coldsteel Heart,j22:94,unknown,1,,
Collector's Vault,woe:244,unknown,1,,
Combustion Technique,tla:301,unknown,1,,
Command Beacon,fca:64,unknown,1,,
Command Tower,blc:130,unknown,1,,
Command Tower,cmm:420,unknown,1,,
Command Tower,eoc:59,unknown,1,,
Command Tower,fic:382,unknown,1,,
Command Tower,fic:484,unknown,1,,
Command Tower,fic:485,unknown,1,,
Command Tower,frc:22,unknown,1,,
Command Tower,ltc:301,unknown,1,,
Command Tower,m3c:331,unknown,1,,
Command Tower,msc:233,unknown,2,,
Command Tower,pip:259,unknown,1,,
Command Tower,pmei:2026-1,unknown,1,,
Command Tower,tdc:107,unknown,1,,
Command Tower,voc:172,unknown,1,,
Commissar Severina Raine,40k:112,unknown,1,,
Commodore Guff,cmm:706,unknown,1,,
Composer of Spring,cmm:739,unknown,1,,
Conduit of Worlds,msc:171,unknown,1,,
Conqueror's Flail,fic:340,unknown,1,,
Consecrated Sphinx,pf26:4,unknown,1,,
Consuming Aberration,tdc:283,unknown,1,,
Contaminated Landscape,frc:68,unknown,1,,
Contraband Livestock,clb:12,unknown,1,,
Cool but Rude,tmt:89,unknown,2,,
Corrosive Mentor,shm:61,unknown,1,,
Coruscation Mage,blb:131,unknown,1,,
Cosmic Cube,msh:245,unknown,1,,
Cosmogrand Zenith,eoe:304,unknown,1,,
Council's Judgment,otc:79,unknown,1,,
Counterspell,fca:4,unknown,2,,
Counterspell,sld:2497,unknown,1,,
Court of Cunning,cmr:63,unknown,1,,
Cover of Darkness,acr:89,unknown,1,,
Coveted Jewel,fic:341,unknown,1,,
Cracked Earth Technique,tle:135,unknown,1,,
Crescent Island Temple,tla:129,unknown,1,,
Crime Novelist,mkm:121,unknown,1,,
Crop Rotation,soa:51,unknown,1,,
Cryptolith Rite,inr:189,unknown,2,,
Cryptolith Rite,inr:408,unknown,1,,
Crystal Quarry,eos:10,unknown,1,,
Culling Ritual,soa:62,unknown,1,,
Curiosity,wot:17,unknown,2,,
Curious Colossus,ecl:12,unknown,1,,
Cursed Mirror,frc:49,unknown,1,,
Cyclonic Rift,rvr:313,unknown,2,,
Cyclonic Rift,sld:1869,unknown,1,,
Cyclonic Rift,soa:14,unknown,1,,
Dark Confidant,fin:94,unknown,1,,
Dark Deal,tle:161,unknown,1,,
Darkslick Shores,otc:281,unknown,1,,
Darksteel Angel,frc:13,unknown,1,,
Darksteel Mutation,cmm:21,unknown,1,,
Darksteel Mutation,cmm:623,unknown,1,,
Darksteel Plate,fic:342,unknown,1,,
Darkwater Catacombs,fic:384,unknown,1,,
Darkwater Catacombs,tdc:355,unknown,1,,
Dawn of Hope,wot:2,unknown,1,,
Dawn's Truce,blb:9,unknown,1,,
"Daxos, Blessed by the Sun",mul:2,unknown,2,,
Day of Black Sun,tla:94,unknown,1,,
Deadly Rollick,tle:309,unknown,1,,
Deathcap Glade,inr:275,unknown,1,,
Deathcap Glade,sos:253,unknown,1,,
Decorum Dissertation,sos:292,unknown,1,,
Decorum Dissertation,sos:78,unknown,1,,
Deep Forest Hermit,blc:213,unknown,1,,
Deepglow Skate,cmm:844,unknown,1,,
Defiling Daemogoth,soc:25,unknown,1,,
Deflecting Swat,c20:50,unknown,1,,
Deflecting Swat,cmm:214,unknown,1,,
Delighted Halfling,ltr:158,unknown,2,,
"Delney, Streetwise Lookout",pmkm:12p,unknown,1,,
Demon of Fate's Design,dsc:137,unknown,1,,
Descent into Avernus,clb:169,unknown,1,,
Descent into Avernus,sld:2176,unknown,1,,
Deserted Beach,who:270,unknown,2,,
Desolate Mire,fic:386,unknown,2,,
Despark,frc:50,unknown,1,,
Desynchronization,acr:16,unknown,1,,
Diamond City,pip:147,unknown,1,,
Dictate of Erebos,sld:2204,unknown,1,,
Dictate of Kruphix,fdn:587,unknown,2,,
Dimir Signet,frc:56,unknown,1,,
Dimir Signet,scd:263,unknown,1,,
Display of Power,ltr:119,unknown,1,,
Doomwake Giant,dsc:138,unknown,1,,
"Dovin, Grand Arbiter",voc:153,unknown,1,,
Dowsing Dagger // Lost Vale,xln:235,unknown,1,,
Dragonskull Summit,fic:387,unknown,1,,
Dramatic Reversal,tle:158,unknown,1,,
Dreadhorde Invasion,frc:48,unknown,2,,
Dreamborn Muse,cm2:41,unknown,1,,
Dreamroot Cascade,tdc:358,unknown,1,,
"Drivnod, Carnage Dominus",one:90,unknown,1,,
Drown in Dreams,m3c:181,unknown,1,,
Drowned Catacomb,frc:69,unknown,1,,
Drowned Catacomb,m10:224,unknown,1,,
Drowned Catacomb,m13:223,unknown,1,,
Dryad of the Ilysian Grove,cmm:891,unknown,1,,
Dryad of the Ilysian Grove,plst:THB-169,unknown,1,,
"Duchess, Wayward Tavernkeep",pip:57,unknown,1,,
Duke Ulder Ravengard,clb:272,unknown,1,,
Dáin Ironfoot,hob:302,unknown,1,,
Earthen Ally,tla:177,unknown,1,,
Earthshape,tle:67,unknown,1,,
Eclipsed Steppe,soc:53,unknown,1,,
Eidolon of Blossoms,woc:124,unknown,2,,
Eiganjo Dynastorian // Replenish,soc:13,unknown,1,,
"Eivor, Battle-Ready",acr:274,unknown,1,,
"Electro, Assaulting Battery",spm:76,unknown,1,,
Electrolyze,sta:60,unknown,1,,
Electrostatic Field,plst:GRN-97,unknown,1,,
Elemental Teachings,tla:178,unknown,1,,
"Elesh Norn, Grand Cenobite",mul:3,unknown,1,,
"Elesh Norn, Mother of Machines",one:10,unknown,1,,
Elspeth Resplendent,snc:282,unknown,1,,
Elspeth Tirel,onc:64,unknown,1,,
Elspeth's Talent,moc:80,unknown,1,,
"Elspeth, Knight-Errant",sld:1001,unknown,1,,
"Elspeth, Storm Slayer",tdm:401,unknown,1,,
"Elspeth, Sun's Champion",cmm:820,unknown,1,,
"Elspeth, Sun's Champion",frc:24,unknown,1,,
Embercleave,peld:120p,unknown,1,,
Emberwilde Captain,cmr:175,unknown,1,,
Emeria Angel,tdc:114,unknown,1,,
Emeria Shepherd,plst:BFZ-22,unknown,1,,
Emeritus of Woe // Demonic Tutor,sos:80,unknown,1,,
"Emrakul, the Exigent Doom",fra:1,unknown,1,,
Enchantress's Presence,woc:125,unknown,1,,
End the Festivities,sld:2503,unknown,1,,
Endless Detour,fic:324,unknown,1,,
Endless Foot Assault,tmc:8,unknown,1,,
Enduring Innocence,dsk:6,unknown,2,,
Enduring Tenacity,dsk:95,unknown,1,,
Enduring Tenacity,pdsk:95p,unknown,1,,
Energybending,tla:2,unknown,1,,
Enlightened Tutor,tle:305,unknown,1,,
Enter the Avatar State,tla:18,unknown,1,,
Entish Restoration,ltr:163,unknown,1,,
Entity Tracker,dsk:53,unknown,1,,
Envoy of the Ancestors,mh3:23,unknown,1,,
Epicure of Blood,m19:95,unknown,1,,
Esper Sentinel,h2r:2,unknown,2,,
Esper Sentinel,mh2:328,unknown,1,,
Essence Warden,ltc:242,unknown,1,,
"Evendo, Waking Haven",eoe:253,unknown,1,,
"Evendo, Waking Haven",peoe:253p,unknown,1,,
Evolution Sage,ecc:105,unknown,1,,
Evolving Wilds,ddh:32,unknown,1,,
Evolving Wilds,ecl:264,unknown,1,,
Evolving Wilds,fic:389,unknown,1,,
Exalted Flamer of Tzeentch,40k:119,unknown,1,,
Exemplar of Light,fdn:11,unknown,1,,
Exotic Orchard,blc:131,unknown,2,,
Exotic Orchard,cmm:993,unknown,1,,
Exotic Orchard,ecc:148,unknown,3,,
Exotic Orchard,fic:390,unknown,3,,
Exotic Orchard,frc:70,unknown,1,,
Exotic Orchard,ltc:307,unknown,1,,
Exotic Orchard,msc:241,unknown,1,,
Exotic Orchard,ncc:400,unknown,1,,
Experimental Confectioner,woe:314,unknown,1,,
Expressive Iteration,spg:43,unknown,1,,
Exquisite Blood,lcc:195,unknown,1,,
Exsanguinate,fic:276,unknown,1,,
Fabled Passage,frc:71,unknown,1,,
Fabled Passage,msc:242,unknown,1,,
Fabled Passage,soc:130,unknown,2,,
Fact or Fiction,frc:41,unknown,1,,
Faeburrow Elder,tdc:289,unknown,1,,
"Falco Spara, Pactweaver",snc:307,unknown,1,,
Falcon and Redwing,msc:14,unknown,1,,
Falkenrath Noble,j25:441,unknown,1,,
Farseek,sld:2222,unknown,1,,
Fate Unraveler,dsc:141,unknown,1,,
Fated Firepower,tla:132,unknown,1,,
Fathom Fleet Swordjack,cmr:177,unknown,1,,
Fellwar Stone,cmm:382,unknown,1,,
Fellwar Stone,dmc:182,unknown,1,,
Fellwar Stone,ecc:141,unknown,2,,
Fellwar Stone,frc:57,unknown,1,,
Fellwar Stone,msc:285,unknown,1,,
Fellwar Stone,soc:347,unknown,3,,
Fellwar Stone,tdc:318,unknown,1,,
Femeref Enchantress,vis:129,unknown,1,,
Ferrous Lake,tdc:361,unknown,1,,
Fertile Ground,ecc:106,unknown,1,,
Fervent Champion,eld:124,unknown,1,,
Fetid Heath,frc:72,unknown,1,,
Fetid Heath,soc:372,unknown,1,,
Fevered Visions,tle:49,unknown,1,,
Fierce Guardianship,cmm:94,unknown,1,,
Fierce Guardianship,tle:307,unknown,2,,
Fiery Emancipation,wot:42,unknown,1,,
Firdoch Core,ecl:255,unknown,1,,
Fire Lord Zuko,tla:221,unknown,1,,
Fire Nation Palace,tla:268,unknown,2,,
Firebender Ascension,tla:312,unknown,1,,
Firemane Commando,moc:73,unknown,1,,
Flame of Anor,ltr:203,unknown,1,,
Flare of Fortitude,mh3:26,unknown,2,,
Flashback,sos:333,unknown,1,,
Flatline,who:43,unknown,1,,
Flawless Maneuver,cmm:692,unknown,2,,
Flawless Maneuver,frc:25,unknown,1,,
Flawless Maneuver,tle:306,unknown,2,,
Flooded Strand,mh3:220,unknown,1,,
Flooded Strand,mh3:464,unknown,2,,
Flowering of the White Tree,ltr:15,unknown,1,,
Flusterstorm,mh3:496,unknown,1,,
Flusterstorm,plst:CMD-46,unknown,1,,
Flusterstorm,soa:18,unknown,2,,
Flux Channeler,plst:WAR-52,unknown,1,,
Foggy Bottom Swamp,tla:269,unknown,1,,
Font of Mythos,sld:2075,unknown,1,,
Forbidden Orchard,2x2:323,unknown,1,,
Forced Fruition,wot:18,unknown,1,,
Forest,blb:377,unknown,4,,
Forest,ecl:278,unknown,1,,
Forest,ecl:283,unknown,1,,
Forest,eoe:266,unknown,5,,
Forest,fic:482,unknown,6,,
Forest,fin:576,unknown,1,,
Forest,tla:291,unknown,2,,
Forest,woe:276,unknown,1,,
Fraying Sanity,wot:19,unknown,1,,
Fresh Meat,c14:197,unknown,1,,
Frostboil Snarl,drc:158,unknown,1,,
Funeral Room // Awakening Hall,pdsk:100p,unknown,1,,
Galadriel's Dismissal,ltc:500,unknown,1,,
"Gale, Waterdeep Prodigy",sld:2488,unknown,1,,
Gallifrey Falls // No More,who:131,unknown,4,,
Galvanic Iteration,msc:184,unknown,1,,
Gandalf the White,ltr:442,unknown,1,,
"Gandalf, Goblins' Bane // Flameshape",hob:242,unknown,1,,
Gateway Plaza,rna:247,unknown,1,,
Gemstone Caverns,eos:16,unknown,1,,
Gemstone Caverns,tsr:280,unknown,1,,
Gemstone Mine,dmr:455,unknown,3,,
Generous Gift,cmm:624,unknown,3,,
"Ghyrson Starn, Kelermorph",40k:124,unknown,1,,
"Giada, Font of Hope",fdn:298,unknown,1,,
Gilded Goose,soc:269,unknown,2,,
Glacial Fortress,eoc:160,unknown,1,,
Glacial Fortress,frc:73,unknown,1,,
Gleaming Splendor,hob:15,unknown,1,,
Glint-Horn Buccaneer,m20:141,unknown,1,,
Gloomlake Verge,dsk:260,unknown,1,,
Glóin the Mighty // Easy Pickings,hob:227,unknown,1,,
Go-Shintai of Ancient Wars,neo:144,unknown,1,,
Go-Shintai of Boundless Vigor,neo:187,unknown,1,,
Go-Shintai of Hidden Cruelty,neo:97,unknown,1,,
Go-Shintai of Life's Origin,sld:1825,unknown,1,,
Go-Shintai of Shared Purpose,neo:14,unknown,1,,
Goblin Bombardment,wot:43,unknown,1,,
Godless Shrine,eoe:254,unknown,1,,
Godless Shrine,eoe:280,unknown,1,,
Godless Shrine,peoe:254p,unknown,1,,
Godless Shrine,trk:285,unknown,1,,
"Gogo, Mysterious Mime",fic:56,unknown,1,,
"Goldbug, Humanity's Ally // Goldbug, Scrappy Scout",bot:11,unknown,1,,
Goldlust Triad,tdc:34,unknown,2,,
Goldspan Dragon,m3c:212,unknown,1,,
Goldspan Dragon,soc:245,unknown,1,,
Golgari Charm,plst:GK1-62,unknown,1,,
Golgari Signet,ddj:66,unknown,1,,
Gollum the Abandoned,hob:72,unknown,1,,
"Gollum, Scheming Guide",ltr:292,unknown,1,,
Gond Gate,clb:353,unknown,1,,
Grand Coliseum,tmc:68,unknown,1,,
Grand Crescendo,frc:26,unknown,1,,
Grand Crescendo,tdc:118,unknown,1,,
Grapeshot,sta:39,unknown,1,,
Grasp of Fate,cmm:823,unknown,1,,
Grasp of Fate,wot:3,unknown,3,,
Grateful Apparition,cmm:824,unknown,1,,
Grave Pact,wot:29,unknown,1,,
Grave Titan,ecc:74,unknown,1,,
Grave Venerations,ecc:29,unknown,1,,
Graveborn Muse,lgn:73,unknown,1,,
Gravecrawler,tdc:93,unknown,1,,
Gray Merchant of Asphodel,slc:7,unknown,1,,
"Grazilaxx, Illithid Scholar",afr:60,unknown,1,,
Great Divide Guide,tla:345,unknown,1,,
Grenzo's Ruffians,cn2:55,unknown,1,,
Grim Backwoods,dsc:281,unknown,1,,
Grim Haruspex,spg:152,unknown,1,,
Grim Hireling,clb:755,unknown,1,,
"Growing Rites of Itlimoc // Itlimoc, Cradle of the Sun",xln:191,unknown,1,,
Growth Spiral,sld:7054,unknown,1,,
Guardian of Faith,afr:18,unknown,1,,
Guide of Souls,mh3:29,unknown,1,,
Guiltfeeder,clb:756,unknown,1,,
"Gwaihir, Greatest of the Eagles",ltc:15,unknown,1,,
"Hakoda, Selfless Commander",tla:23,unknown,1,,
"Haliya, Guided by Light",eoe:19,unknown,3,,
"Haliya, Guided by Light",eoe:289,unknown,1,,
Hall of Heliod's Generosity,dsc:283,unknown,1,,
Hall of Oracles,stx:267,unknown,1,,
Hallowed Fountain,clu:277,unknown,2,,
Hallowed Fountain,ecl:265,unknown,3,,
Hammer of Nazahn,sld:2098,unknown,1,,
Hammers of Moradin,clb:25,unknown,1,,
Harabaz Druid,wwk:105,unknown,1,,
Harmonic Prodigy,soc:123,unknown,1,,
Harmonized Crescendo,ecl:408,unknown,1,,
"Haru, Hidden Talent",tla:182,unknown,1,,
Haunted One,sld:2200,unknown,1,,
Hawkeye's Bow,msh:132,unknown,1,,
"Hawkeye, Young Avenger",msh:131,unknown,1,,
Haywire Mite,dsc:247,unknown,1,,
Heap Gate,clb:354,unknown,1,,
"Hei Bai, Forest Guardian",tle:139,unknown,1,,
Heliod's Intervention,otc:81,unknown,1,,
"Heliod, Sun-Crowned",cmm:29,unknown,1,,
Hell to Pay,otj:126,unknown,1,,
Hell's Caretaker,plst:A25-92,unknown,1,,
Hellish Rebuke,afc:26,unknown,1,,
Hellrider,dka:93,unknown,1,,
Helm of the Host,blc:276,unknown,1,,
Helm of the Host,dom:217,unknown,1,,
Hengegate Pathway // Mistgate Pathway,khm:260,unknown,1,,
Herald of the Pantheon,cmm:898,unknown,1,,
Herald of War,mic:86,unknown,1,,
Herald's Horn,ltc:280,unknown,1,,
"Hermes, Overseer of Elpis",fic:36,unknown,1,,
Hermitic Herbalist,tla:226,unknown,1,,
Heroic Intervention,cmm:295,unknown,1,,
Heroic Intervention,who:233,unknown,1,,
Heroic Intervention,who:824,unknown,1,,
Heronblade Elite,mic:64,unknown,1,,
Hex Magic,msh:133,unknown,1,,
High Market,fic:402,unknown,1,,
High Market,soc:380,unknown,1,,
Hinterland Sanctifier,fdn:730,unknown,1,,
Honden of Cleansing Fire,ema:13,unknown,1,,
Honden of Infinite Rage,ema:134,unknown,1,,
Honden of Life's Web,ema:172,unknown,1,,
Honden of Seeing Winds,ema:54,unknown,1,,
Honor-Worn Shaku,cmm:954,unknown,1,,
Horizon Canopy,ltc:396,unknown,1,,
Horizon Explorer,eoc:15,unknown,1,,
Horn of Gondor,ltr:240,unknown,1,,
Howling Mine,sld:7046,unknown,1,,
Hunted Bonebrute,mkm:87,unknown,1,,
Hunted Horror,clb:758,unknown,1,,
Hushwood Verge,dsk:261,unknown,1,,
Hushwood Verge,dsk:332,unknown,1,,
Icetill Explorer,eoe:192,unknown,1,,
Ichormoon Gauntlet,one:56,unknown,1,,
Ifnir Deadlands,ecc:153,unknown,1,,
Illusionist's Bracers,rvr:260,unknown,2,,
Immoral Bargain,soc:47,unknown,1,,
Impact Tremors,fdn:717,unknown,1,,
Impact Tremors,wot:44,unknown,1,,
Impostor Syndrome,spm:34,unknown,1,,
Indatha Triome,iko:248,unknown,1,,
Indomitable Creativity,aer:85,unknown,1,,
Infantry Shield,tdc:35,unknown,1,,
Inga and Esika,mom:229,unknown,1,,
Ingenious Artillerist,clb:182,unknown,1,,
Insight Engine,eoc:6,unknown,1,,
Inspiring Call,tle:168,unknown,1,,
Inspiring Statuary,fic:347,unknown,2,,
Interplanar Beacon,cmm:1004,unknown,1,,
Intruder Alarm,tle:15,unknown,1,,
Inventors' Fair,eos:21,unknown,3,,
Inventors' Fair,kld:247,unknown,1,,
Invert Polarity,mh3:190,unknown,1,,
Irencrag Pyromancer,eld:128,unknown,1,,
Irenicus's Vile Duplication,plst:CLB-78,unknown,1,,
"Irma, Part-Time Mutant",tmc:12,unknown,1,,
"Iroas, God of Victory",c16:205,unknown,1,,
"Iroas, God of Victory",plst:C16-205,unknown,1,,
"Iroas, God of Victory",sld:2215,unknown,1,,
"Iroh, Grand Lotus",tla:349,unknown,1,,
Island,cmm:788,unknown,2,,
Island,cmm:790,unknown,2,,
Island,ecl:270,unknown,2,,
Island,eoe:263,unknown,12,,
Island,eoe:269,unknown,3,,
Island,eoe:270,unknown,2,,
Island,fic:479,unknown,6,,
Island,fra:283,unknown,3,,
Island,sos:268,unknown,7,,
Island,tla:288,unknown,2,,
Isochron Scepter,slc:9,unknown,1,,
Isolated Chapel,fic:405,unknown,1,,
Isolated Chapel,frc:74,unknown,1,,
Isolated Chapel,pip:269,unknown,1,,
Isolated Chapel,soc:382,unknown,1,,
Isolated Chapel,tdc:373,unknown,1,,
"Isshin, Two Heavens as One",fca:54,unknown,1,,
Izzet Signet,frc:58,unknown,1,,
Izzet Signet,tdc:320,unknown,1,,
Jace Beleren,cmm:850,unknown,1,,
Jace's Archivist,c13:48,unknown,1,,
"Jace, Multiverse Architect",frc:1,unknown,1,,
"Jace, Unraveler of Secrets",inr:70,unknown,1,,
"Jaheira, Friend of the Forest",clb:237,unknown,1,,
Jasmine Dragon Tea Shop,tla:270,unknown,1,,
"Jaws, Relentless Predator",sld:2175,unknown,1,,
Jeska's Will,sld:1744,unknown,1,,
Jetmir's Garden,snc:351,unknown,1,,
"Jetmir, Nexus of Revels",snc:193,unknown,1,,
"Jidoor, Aristocratic Capital // Overture",fin:284,unknown,1,,
"Jin-Gitaxias, Core Augur",mul:11,unknown,1,,
"Jin-Gitaxias, Progress Tyrant",neo:59,unknown,1,,
"Joo Dee, One of Many",tla:105,unknown,1,,
Judgment of Alexander,fic:455,unknown,2,,
Jukai Naturalist,woc:140,unknown,2,,
Jungle Basin,cmr:484,unknown,1,,
"K'rrik, Son of Yawgmoth",mh3:274,unknown,1,,
Kalastria Healer,bfz:114,unknown,1,,
"Kambal, Profiteering Mayor",otj:353,unknown,1,,
Kami of Whispered Hopes,mom:196,unknown,1,,
"Karlach, Fury of Avernus",clb:507,unknown,1,,
Karn's Bastion,cmm:1007,unknown,1,,
Karn's Bastion,eoc:163,unknown,2,,
Karn's Bastion,sld:1751,unknown,1,,
Karplusan Forest,eoc:164,unknown,1,,
"Kastral, the Windcrested",pblb:221p,unknown,1,,
"Katara, Bending Prodigy",tla:59,unknown,1,,
"Katara, the Fearless",tla:305,unknown,1,,
"Katara, Water Tribe's Hope",tla:351,unknown,1,,
"Katara, Waterbending Master",tle:93,unknown,1,,
"Katilda, Dawnhart Prime",mid:309,unknown,1,,
"Kazuul, Tyrant of the Cliffs",scd:148,unknown,1,,
Kederekt Parasite,con:48,unknown,1,,
"Kediss, Emberclaw Familiar",cmr:188,unknown,1,,
"Kellogg, Dangerous Mind",pip:106,unknown,1,,
Kenrith's Transformation,woc:128,unknown,1,,
Kessig Flamebreather,vow:164,unknown,1,,
Ketria Triome,iko:250,unknown,2,,
Kher Keep,frc:75,unknown,1,,
Killing Wave,inr:121,unknown,1,,
Kindred Discovery,msc:150,unknown,1,,
Kindred Discovery,wot:22,unknown,1,,
King Darien XLVIII,pdmu:204s,unknown,1,,
"Kingpin, Wilson Fisk",msc:661,unknown,1,,
"Kinnan, Bonder Prodigy",fca:55,unknown,1,,
Kinscaer Sentry,ecl:300,unknown,1,,
"Kirol, Attentive First-Year",ecl:231,unknown,1,,
Knuckles the Echidna,sld:2082,unknown,2,,
Kodama of the West Tree,neo:392,unknown,1,,
Kor Haven,ltc:368,unknown,1,,
"Krang, the All-Powerful",tmc:13,unknown,2,,
Krark-Clan Ironworks,slc:11,unknown,1,,
"Kratos, Stoic Father",sld:2213,unknown,1,,
"Krenko, Tin Street Kingpin",pwar:137p,unknown,1,,
Krosan Verge,mkc:271,unknown,1,,
Krosan Verge,moc:412,unknown,1,,
"Kutzil, Malamet Exemplar",lci:232,unknown,1,,
"Kyler, Sigardian Emissary",mic:4,unknown,1,,
Kyoshi Island Plaza,tla:184,unknown,1,,
Kyoshi Village,tla:271,unknown,1,,
"Lae'zel, Vlaakith's Champion",clb:476,unknown,2,,
"Lathiel, the Bounteous Dawn",mul:50,unknown,1,,
Lazotep Plating,war:59,unknown,1,,
"Leori, Sparktouched Hunter",cmm:709,unknown,1,,
"Liesa, Shroud of Dusk",sld:1961,unknown,1,,
"Liliana, Dreadhorde General",fdn:176,unknown,1,,
"Lindblum, Industrial Regency // Mage Siege",fin:285,unknown,1,,
Liquimetal Torque,brc:145,unknown,1,,
Llanowar Wastes,eoc:165,unknown,1,,
"Loki, God of Mischief",msh:65,unknown,1,,
Looming Spires,bfz:238,unknown,1,,
Loran of the Third Path,blc:143,unknown,1,,
"Lorehold, the Historian",sos:201,unknown,1,,
Lotus Field,soc:385,unknown,1,,
"Lucy MacLean, Positively Armed",sld:2447,unknown,1,,
Lunarch Veteran // Luminous Phantom,inr:32,unknown,1,,
Luxury Suite,bbd:82,unknown,1,,
Lyra Dawnbringer,dmr:413,unknown,1,,
Maddening Cacophony,znr:67,unknown,1,,
"Magda, Brazen Outlaw",khm:142,unknown,1,,
Magmakin Artillerist,dft:137,unknown,1,,
Magus of the Wheel,a25:142,unknown,1,,
Mana Confluence,eos:25,unknown,2,,
Mana Confluence,jou:163,unknown,5,,
Mana Drain,otp:11,unknown,2,,
Mana Sculpt,sos:57,unknown,1,,
"Mangara, the Diplomat",fca:25,unknown,1,,
Manor Gate,clb:356,unknown,1,,
Marauding Blight-Priest,j22:439,unknown,1,,
March of Souls,pls:10,unknown,1,,
March of Swirling Mist,pneo:61s,unknown,1,,
Marching Duodrone,clb:321,unknown,1,,
Mardu Siegebreaker,tdm:206,unknown,1,,
Marionette Apprentice,mh3:100,unknown,1,,
Marsh Flats,mh2:248,unknown,1,,
Marsh Flats,mm3:239,unknown,1,,
Marsh Flats,spg:110,unknown,1,,
Martial Coup,frc:28,unknown,1,,
Mass Polymorph,frc:42,unknown,1,,
"Massacre Girl, Known Killer",ecc:79,unknown,1,,
Massacre Wurm,fdn:714,unknown,1,,
Master of the Feast,jou:75,unknown,1,,
Mathemagics,sos:58,unknown,1,,
"Matoya, Archon Elder",fin:62,unknown,1,,
Maze's End,sld:1834,unknown,1,,
Mechanized Warfare,bro:139,unknown,1,,
Meditation Pools,tla:272,unknown,1,,
Meltdown,mh3:282,unknown,1,,
"Memnarch, the Warden",frc:15,unknown,1,,
Memory Erosion,cm2:45,unknown,1,,
Mentor of the Meek,fdn:578,unknown,1,,
"Meria, Scholar of Antiquity",dmu:206,unknown,1,,
Mesmeric Orb,2xm:272,unknown,1,,
"Midgar, City of Mako // Reactor Raid",fin:313,unknown,1,,
Mightform Harmonizer,eoe:297,unknown,1,,
"Mila, Crafty Companion // Lukka, Wayward Bonder",plst:STX-153,unknown,1,,
"Minamo, School at Water's Edge",ltc:369,unknown,1,,
"Minamo, School at Water's Edge",plst:CHK-279,unknown,1,,
Minas Tirith,ltr:341,unknown,1,,
Minas Tirith Garrison,ltr:825,unknown,1,,
Mind Stone,dmr:232,unknown,1,,
Mind Stone,dsc:248,unknown,1,,
Mind Stone,fic:353,unknown,1,,
Mindcrank,sld:2186,unknown,1,,
Mines of Moria,ltr:257,unknown,2,,
"Minn, Wily Illusionist",afc:16,unknown,1,,
"Minwu, White Mage",fin:26,unknown,1,,
Mirari's Wake,cmm:928,unknown,1,,
Mirkwood Bats,ltr:421,unknown,2,,
Mirror Room // Fractured Realm,dsk:67,unknown,1,,
Mistveil Plains,plst:UMA-247,unknown,1,,
Misty Palms Oasis,tla:273,unknown,1,,
Misty Rainforest,spg:111,unknown,1,,
Mithril Coat,ltr:245,unknown,1,,
"Mjölnir, Hammer of Thor",msh:146,unknown,1,,
"Mjölnir, Storm Hammer",acr:258,unknown,1,,
Moldervine Reclamation,m20:214,unknown,1,,
Molten Gatekeeper,mh3:128,unknown,1,,
"Mondrak, Glory Dominus",one:23,unknown,1,,
Monologue Tax,soc:157,unknown,1,,
Monument to Endurance,dft:237,unknown,1,,
Monumental Henge,mh3:354,unknown,1,,
Moon-Blessed Cleric,dsc:69,unknown,1,,
Moonmist,isd:195,unknown,1,,
Morbid Opportunist,fic:278,unknown,1,,
Morbid Opportunist,j25:464,unknown,1,,
Morphic Pool,clb:357,unknown,2,,
Mortuary Mire,pip:272,unknown,1,,
Mossfire Valley,fic:407,unknown,1,,
Most Decrepit Old Bird // Speak Secrets,hob:49,unknown,1,,
Mountain,cmm:794,unknown,2,,
Mountain,cmm:795,unknown,2,,
Mountain,ecl:272,unknown,2,,
Mountain,eoe:265,unknown,27,,
Mountain,eoe:273,unknown,3,,
Mountain,fic:481,unknown,6,,
Mountain,fin:303,unknown,1,,
Mountain,fin:305,unknown,1,,
Mountain,fin:575,unknown,1,,
Mountain,fra:288,unknown,2,,
Mountain,pip:323,unknown,2,,
Mountain,pip:324,unknown,2,,
Mountain,sos:270,unknown,7,,
Mountain,tla:290,unknown,2,,
Muraganda Raceway,dft:426,unknown,1,,
Mutable Explorer,ecl:327,unknown,1,,
Mutavault,clb:903,unknown,1,,
Mutilate,mb2:45,unknown,1,,
"Myrel, Shield of Argive",bro:18,unknown,1,,
"Myrel, Shield of Argive",pbro:18p,unknown,1,,
Myriad Landscape,pip:274,unknown,1,,
Mystic Gate,cmm:1013,unknown,1,,
Mystic Gate,frc:76,unknown,1,,
Mystic Monastery,msc:253,unknown,1,,
Mystic Remora,tle:16,unknown,1,,
Mystic Sanctuary,mkc:277,unknown,1,,
Nadier's Nightblade,blc:184,unknown,1,,
Nadir Kraken,ncc:228,unknown,1,,
"Narci, Fable Singer",cmm:710,unknown,1,,
Narset of the Ancient Way,cmm:930,unknown,1,,
Narset Transcendent,dtk:225,unknown,1,,
Narset's Reversal,slc:41,unknown,1,,
Narset's Reversal,tdc:92,unknown,1,,
"Narset, Parter of Veils",cmm:853,unknown,1,,
Nature's Lore,fic:311,unknown,1,,
Navigation Orb,clb:329,unknown,1,,
Necroskitter,ecc:48,unknown,1,,
"Neheb, the Eternal",cmm:678,unknown,1,,
"Nekusar, the Mindrazer",sld:2184,unknown,1,,
Nemesis of Reason,clb:850,unknown,1,,
Nest of Scarabs,akh:101,unknown,1,,
Nesting Grounds,ecc:155,unknown,1,,
Nettling Nuisance,woc:15,unknown,1,,
Ninja Pizza,tmc:32,unknown,1,,
Ninja Teen,tmt:67,unknown,1,,
Nirkana Revenant,voc:134,unknown,2,,
"Nissa, Leyline Tamer",frc:2,unknown,1,,
"Niv-Mizzet, Parun",otc:235,unknown,1,,
"Niv-Mizzet, the Firemind",c20:225,unknown,1,,
"Niv-Mizzet, Visionary",pfdn:123p,unknown,1,,
Norn's Annex,cmm:829,unknown,1,,
North Pole Gates,tla:274,unknown,1,,
Northern Air Temple,tla:111,unknown,1,,
Nuka-Cola Vending Machine,sld:2462,unknown,1,,
Oath of Jace,cmm:854,unknown,1,,
Oath of Teferi,cmm:934,unknown,1,,
"Ob Nixilis, the Ascended",frc:5,unknown,1,,
"Ob Nixilis, the Hate-Twisted",war:100,unknown,1,,
Ocelot Pride,pmh3:38p,unknown,1,,
Ogre Slumlord,blc:186,unknown,1,,
"Ojer Axonil, Deepest Might // Temple of Power",lci:158,unknown,1,,
"Ojer Axonil, Deepest Might // Temple of Power",lci:317,unknown,1,,
Omashu City,tla:275,unknown,1,,
"Omnath, Locus of the Void",frc:3,unknown,1,,
Onakke Oathkeeper,cmm:722,unknown,1,,
Ondu Spiritdancer,dsc:101,unknown,1,,
Open the Gates,rna:133,unknown,1,,
Ophiomancer,soc:118,unknown,1,,
"Oran-Rief, the Vastwood",blc:320,unknown,1,,
Orcish Bowmasters,ltr:103,unknown,1,,
Orzhov Signet,lcc:310,unknown,1,,
"Otharri, Suns' Glory",onc:39,unknown,1,,
Ouroboroid,eoe:201,unknown,1,,
Overgrown Farmland,tdc:381,unknown,1,,
Overgrown Farmland,who:292,unknown,2,,
Overgrown Tomb,ecl:266,unknown,2,,
Overgrown Tomb,trk:289,unknown,1,,
Overlord of the Hauntwoods,dsk:194,unknown,1,,
Overlord of the Mistmoors,frc:29,unknown,1,,
Overwhelming Victory,tle:123,unknown,1,,
Ox Drover,woc:6,unknown,1,,
Paladin Elizabeth Taggerdy,pip:114,unknown,1,,
Panharmonicon,pip:237,unknown,1,,
Paradox Haze,spg:123,unknown,1,,
Parallel Lives,mar:36,unknown,1,,
Parallel Thoughts,scg:44,unknown,1,,
Path of Ancestry,ecc:158,unknown,2,,
Path of Ancestry,fic:411,unknown,2,,
Path of Ancestry,frc:77,unknown,2,,
Path to Exile,acr:81,unknown,1,,
Path to Exile,cmm:49,unknown,1,,
Path to Exile,frc:30,unknown,1,,
Path to Exile,mb2:15,unknown,1,,
Path to Exile,sld:2227,unknown,1,,
Peregrin Took,ltr:181,unknown,1,,
Perilous Forays,rvr:457,unknown,1,,
Perilous Landscape,frc:78,unknown,1,,
Pest Infestation,eoc:103,unknown,1,,
"Phelia, Exuberant Shepherd",mh3:40,unknown,1,,
Phyrexian Altar,2x2:311,unknown,1,,
Phyrexian Altar,slc:16,unknown,1,,
Phyrexian Arena,fdc:123,unknown,1,,
Phyrexian Obliterator,one:105,unknown,1,,
Phyrexian Scriptures,moc:266,unknown,1,,
Phyrexian Tower,mh3:303,unknown,1,,
Pip-Boy 3000,pip:140,unknown,1,,
"Pippin, Warden of Isengard",ltc:65,unknown,1,,
Pit of Offerings,lci:278,unknown,1,,
Pitiless Plunderer,lcc:208,unknown,1,,
Plague of Vermin,pza:7,unknown,1,,
Plains,cmm:785,unknown,2,,
Plains,cmm:787,unknown,2,,
Plains,dsk:272,unknown,1,,
Plains,ecl:274,unknown,1,,
Plains,ecl:279,unknown,1,,
Plains,eoe:262,unknown,3,,
Plains,eoe:267,unknown,2,,
Plains,eoe:268,unknown,3,,
Plains,fdn:282,unknown,1,,
Plains,fic:478,unknown,5,,
Plains,fin:294,unknown,1,,
Plains,fin:295,unknown,4,,
Plains,fin:572,unknown,2,,
Plains,fra:281,unknown,4,,
Plains,ltr:272,unknown,2,,
Plains,mh3:310,unknown,1,,
Plains,pip:317,unknown,2,,
Plains,pip:318,unknown,2,,
Plains,sos:267,unknown,8,,
Plains,tla:287,unknown,2,,
Plains,woe:267,unknown,2,,
Plains,woe:268,unknown,1,,
Plan for All Outcomes,fra:35,unknown,1,,
Planar Engineering,sos:158,unknown,1,,
Planar Nexus,m3c:132,unknown,1,,
Planetarium of Wan Shi Tong,tla:259,unknown,2,,
Plaza of Harmony,rna:254,unknown,1,,
Plaza of Heroes,eos:78,unknown,3,,
Plaza of Heroes,msc:255,unknown,1,,
Polluted Delta,mh3:224,unknown,1,,
Polluted Delta,mh3:356,unknown,2,,
Prairie Stream,cmm:1020,unknown,1,,
Prairie Stream,frc:79,unknown,1,,
"Pramikon, Sky Rampart",c19:47,unknown,1,,
Preordain,soa:21,unknown,1,,
Prismari Charm,sos:211,unknown,1,,
"Prismari, the Inspiration",sos:212,unknown,1,,
Prismatic Omen,wot:60,unknown,1,,
Professional Face-Breaker,fic:296,unknown,2,,
Professional Face-Breaker,psnc:116p,unknown,1,,
Promise of Loyalty,cmm:833,unknown,1,,
Propaganda,acr:85,unknown,1,,
Propaganda,msc:151,unknown,1,,
Prosperity,tle:17,unknown,1,,
Prosperous Bandit,blc:25,unknown,1,,
Prosperous Innkeeper,afr:200,unknown,1,,
Prosperous Partnership,ncc:78,unknown,1,,
Proteus Staff,frc:59,unknown,1,,
Psychic Corrosion,m19:68,unknown,1,,
Psychosis Crawler,blc:282,unknown,1,,
Psychosis Crawler,pw22:6,unknown,1,,
Puresteel Paladin,fic:250,unknown,1,,
"Purphoros, God of the Forge",fca:14,unknown,1,,
Pyretic Ritual,m11:153,unknown,1,,
Quantum Misalignment,who:52,unknown,1,,
Queen Kayla bin-Kroog,bro:379,unknown,1,,
Radiant Fountain,c21:310,unknown,1,,
Radiant Lotus,pdft:240p,unknown,1,,
Radiant Summit,frc:80,unknown,1,,
Raise the Palisade,msc:278,unknown,1,,
Rakdos Signet,frc:60,unknown,1,,
Rakdos Signet,ncc:378,unknown,1,,
"Ral, Storm Conduit",plst:WAR-211,unknown,1,,
Rampant Growth,fic:313,unknown,1,,
Ranger-Captain of Eos,fca:2,unknown,1,,
"Raph & Leo, Sibling Rivals",tmt:166,unknown,1,,
"Raph & Leo, Sibling Rivals",tmt:249,unknown,1,,
Raugrin Triome,prm:80943,unknown,1,,
Razorkin Needlehead,dsk:153,unknown,1,,
Razorverge Thicket,blc:325,unknown,1,,
Reanimate,fic:282,unknown,1,,
Reckless Endeavor,sld:2177,unknown,1,,
Reckless Fireweaver,drc:106,unknown,1,,
Reconnaissance,acr:82,unknown,1,,
Reconnaissance Mission,msc:153,unknown,1,,
Redemption Choir,lcc:74,unknown,1,,
Redirect Lightning,tla:151,unknown,5,,
Redirect Lightning,tla:343,unknown,1,,
Redoubled Stormsinger,soc:251,unknown,1,,
Reflecting Pool,clb:358,unknown,1,,
Reflecting Pool,frc:23,unknown,1,,
Reforge the Soul,inr:167,unknown,2,,
Relic of Legends,fic:354,unknown,1,,
Relic of Sauron,ltc:79,unknown,1,,
Reliquary Tower,cmm:425,unknown,1,,
Reliquary Tower,cmr:710,unknown,2,,
Reliquary Tower,plg20:1,unknown,1,,
Reprocess,sld:2107,unknown,1,,
Resonating Lute,sos:221,unknown,1,,
Resplendent Angel,lci:32,unknown,1,,
Restless Anchorage,lci:280,unknown,1,,
Restless Spire,frc:82,unknown,1,,
Return the Favor,soa:47,unknown,3,,
Rhox Faithmender,tdc:128,unknown,1,,
Riders of the Mark,ltr:832,unknown,1,,
Righteous Valkyrie,khm:24,unknown,1,,
Rings of Brighthearth,cmr:335,unknown,1,,
Ripples of Potential,eoc:77,unknown,1,,
Rivendell,ltr:259,unknown,2,,
Rivendell,ltr:344,unknown,1,,
Riverchurn Monument,dft:381,unknown,1,,
Riverpyre Verge,pdft:260p,unknown,2,,
Roaming Throne,lci:258,unknown,1,,
Roaming Throne,lci:344,unknown,2,,
Rockfall Vale,mid:266,unknown,1,,
Rogue's Passage,fdn:264,unknown,1,,
Romantic Rendezvous,spm:86,unknown,1,,
Rootbound Crag,fic:416,unknown,1,,
Rootbound Crag,who:300,unknown,1,,
Rose Room Treasurer,blc:201,unknown,1,,
"Rose, Cutthroat Raider",pip:66,unknown,1,,
Rowan's Talent,moc:85,unknown,1,,
Ruby Medallion,mh3:295,unknown,2,,
Rugged Prairie,cmm:1022,unknown,1,,
Rugged Prairie,eoc:174,unknown,1,,
Rugged Prairie,fic:417,unknown,1,,
Ruin Crab,znr:75,unknown,1,,
Rumble Arena,tla:277,unknown,2,,
Rumor Gatherer,plst:SNC-29,unknown,1,,
Ruthless Knave,j25:483,unknown,1,,
Ruthless Knave,xln:119,unknown,1,,
Sacred Foundry,eoe:256,unknown,5,,
Sacred Foundry,gtc:245,unknown,1,,
Sakashima of a Thousand Faces,cmr:89,unknown,1,,
Sanctum of All,m21:225,unknown,1,,
Sanctum of Calm Waters,m21:68,unknown,1,,
Sanctum of Fruitful Harvest,m21:203,unknown,1,,
Sanctum of Shattered Heights,m21:157,unknown,1,,
Sanctum of Stone Fangs,m21:120,unknown,1,,
Sanctum Weaver,woc:131,unknown,2,,
Sanguine Bond,wot:35,unknown,1,,
Sapphire Medallion,mh3:349,unknown,1,,
"Sarkhan, Dragonsoul",sld:1245,unknown,1,,
"Satsuki, the Living Lore",neo:235,unknown,1,,
Savai Triome,iko:312,unknown,1,,
Sazh's Chocobo,fin:200,unknown,1,,
Scalding Tarn,spg:112,unknown,3,,
Scavenger Grounds,fic:419,unknown,1,,
Scheming Silvertongue // Sign in Blood,psos:99p,unknown,1,,
Scorched Geyser,soc:102,unknown,1,,
Scorched Geyser,soc:54,unknown,1,,
Scrapheap,ulg:132,unknown,1,,
Scrawling Crawler,pfdn:132s,unknown,1,,
Scurry of Squirrels,blc:33,unknown,1,,
Sea of Clouds,bbd:84,unknown,1,,
Sea of Clouds,plst:BBD-84,unknown,1,,
Secluded Courtyard,fdn:267,unknown,1,,
Secluded Starforge,eoe:257,unknown,1,,
Secret Tunnel,tla:278,unknown,1,,
Secure the Wastes,frc:31,unknown,1,,
Seething Song,sld:7051,unknown,1,,
Seismic Sense,tla:195,unknown,1,,
"Seizan, Perverter of Truth",mul:15,unknown,1,,
Selesnya Guildgate,fdn:694,unknown,1,,
Selesnya Sanctuary,2x2:411,unknown,1,,
Selfless Spirit,soc:167,unknown,1,,
Semester's End,stx:27,unknown,1,,
"Sephiroth, Fabled SOLDIER // Sephiroth, One-Winged Angel",fin:115,unknown,2,,
Seraph Sanctuary,ddq:33,unknown,1,,
Serpent's Pass,tla:279,unknown,1,,
Serra's Emissary,frc:32,unknown,1,,
Setessan Champion,woc:132,unknown,2,,
Settle the Wreckage,xln:34,unknown,1,,
Sewer Nemesis,cmd:98,unknown,1,,
"Shabraz, the Skyshark",c20:14,unknown,1,,
Shadow Kin,mic:16,unknown,1,,
Shadowblood Ridge,fic:421,unknown,2,,
Shadowblood Ridge,pip:288,unknown,1,,
"Shadowheart, Dark Justiciar",sld:2483,unknown,1,,
Shadowspear,thb:236,unknown,1,,
"Shalai, Voice of Plenty",tdc:130,unknown,1,,
Shared Animosity,ltc:226,unknown,1,,
Shark Typhoon,frc:44,unknown,1,,
Shattered Sanctum,sos:260,unknown,1,,
Shattered Sanctum,sos:303,unknown,1,,
"Sheoldred, the Apocalypse",dmu:107,unknown,1,,
Shivan Gorge,dmc:232,unknown,1,,
Shivan Reef,eoc:179,unknown,2,,
Shivan Reef,frc:83,unknown,1,,
"Shizo, Death's Storehouse",dmc:233,unknown,2,,
Sigarda's Aid,pemn:41p,unknown,1,,
Sigarda's Vanguard,mic:8,unknown,1,,
"Sigarda, Font of Blessings",mat:47,unknown,1,,
"Sigarda, Font of Blessings",mat:97,unknown,1,,
"Sigarda, Heron's Grace",mic:155,unknown,1,,
Sigil of Sleep,uds:46,unknown,1,,
Silent Hallcreeper,pdsk:72p,unknown,1,,
Silver Shroud Costume,sld:915,unknown,1,,
Simic Growth Chamber,2x2:412,unknown,1,,
Six,mh3:169,unknown,1,,
Skrelv's Hive,frc:33,unknown,1,,
Skullclamp,blc:283,unknown,1,,
Skullclamp,pip:238,unknown,1,,
Skycloud Expanse,cmm:1035,unknown,1,,
Skycloud Expanse,eoc:181,unknown,1,,
Skycloud Expanse,fic:423,unknown,1,,
Slaughter Specialist,mid:122,unknown,1,,
Sludge Monster,mid:340,unknown,1,,
Smoldering Marsh,pip:292,unknown,1,,
Smuggler's Share,mkc:84,unknown,1,,
Sodden Verdure,ecc:24,unknown,1,,
Sokka's Charge,tle:66,unknown,1,,
"Sokka, Tenacious Tactician",tla:352,unknown,1,,
Sol Ring,blc:129,unknown,1,,
Sol Ring,cmm:410,unknown,1,,
Sol Ring,fic:357,unknown,1,,
Sol Ring,fic:359,unknown,1,,
Sol Ring,frc:21,unknown,2,,
Sol Ring,lcc:313,unknown,1,,
Sol Ring,ltc:284,unknown,1,,
Sol Ring,m3c:305,unknown,1,,
Sol Ring,msc:211,unknown,1,,
Sol Ring,pip:239,unknown,1,,
Sol Ring,slc:19,unknown,1,,
Sol Ring,sld:1833,unknown,2,,
Sol Ring,sld:912,unknown,1,,
Sol Ring,soc:128,unknown,1,,
Sol Ring,tle:316,unknown,3,,
Solemn Simulacrum,soc:355,unknown,1,,
"Solphim, Mayhem Dominus",pone:150p,unknown,1,,
Song of Freyalise,plst:DOM-179,unknown,1,,
Soul Shatter,scd:108,unknown,1,,
Soul Warden,hop:7,unknown,1,,
Soul Warden,mm3:24,unknown,1,,
Soul Warden,plst:MM3-24,unknown,1,,
Soul's Attendant,plst:ROE-44,unknown,1,,
Soul's Attendant,roe:44,unknown,1,,
South Wind Avatar,tmt:78,unknown,1,,
Southern Air Temple,tla:36,unknown,1,,
Spark Double,pwar:68p,unknown,1,,
Spark Double,war:68,unknown,1,,
Species Specialist,c20:47,unknown,1,,
Spectator Seating,cmm:427,unknown,1,,
Spectator Seating,cmm:664,unknown,2,,
Spire Garden,tmc:75,unknown,1,,
Spire of Industry,fic:426,unknown,1,,
Spirit Water Revival,tla:73,unknown,1,,
Springheart Nantuko,mh3:341,unknown,1,,
Springleaf Parade,ecc:19,unknown,1,,
"Squall, Gunblade Duelist",fic:453,unknown,1,,
"Squall, SeeD Mercenary",fin:402,unknown,1,,
"Sram, Senior Edificer",soc:176,unknown,1,,
Staff of Compleation,tdc:326,unknown,1,,
Staff of the Storyteller,frc:34,unknown,1,,
"Stangg, Echo Warrior",dmc:42,unknown,1,,
Starfield Mystic,dsc:105,unknown,1,,
Starfield Mystic,soc:177,unknown,1,,
Starfield Vocalist,eoe:78,unknown,2,,
Starnheim Aspirant,khm:380,unknown,1,,
Starscape Cleric,blb:116,unknown,1,,
Starting Town,fin:289,unknown,4,,
Starving Revenant,lci:123,unknown,1,,
Steam Vents,ecl:267,unknown,3,,
Steam Vents,pecl:267p,unknown,1,,
Stensian Sanguinist // Exsanguinate,soc:29,unknown,1,,
Sterling Grove,mh2:293,unknown,2,,
Stitch Together,fic:286,unknown,1,,
Stomping Ground,peoe:258p,unknown,1,,
Storm-Kiln Artist,tdc:235,unknown,1,,
Stormcarved Coast,inr:285,unknown,1,,
Stormcarved Coast,sos:304,unknown,1,,
Stormfist Crusader,eld:383,unknown,1,,
Stroke of Midnight,fca:26,unknown,4,,
Stroke of Midnight,frc:35,unknown,1,,
Stroke of Midnight,tdc:132,unknown,1,,
Sudden Spoiling,tsr:144,unknown,1,,
"Suki, Courageous Rescuer",tla:37,unknown,1,,
"Suki, Kyoshi Captain",tle:85,unknown,1,,
Sulfur Falls,eoc:184,unknown,2,,
Sulfur Falls,frc:84,unknown,1,,
Sulfur Falls,ltc:333,unknown,1,,
Sulfurous Springs,fic:427,unknown,1,,
Sulfurous Springs,frc:85,unknown,1,,
Summon: Anima,fin:364,unknown,1,,
Summon: Bahamut,fin:1,unknown,1,,
Summon: Fenrir,fin:372,unknown,1,,
Summon: Ixion,fic:27,unknown,1,,
Summon: Knights of Round,fin:359,unknown,1,,
Summon: Knights of Round,fin:36,unknown,1,,
Summon: Primal Odin,fin:121,unknown,1,,
Summon: Titan,fin:373,unknown,1,,
Summon: Yojimbo,fic:196,unknown,1,,
Sun Titan,tdc:133,unknown,1,,
Sun-Blessed Peak,tla:280,unknown,1,,
Sunbillow Verge,pdft:264p,unknown,1,,
Sundown Pass,sos:305,unknown,1,,
Sundown Pass,vow:266,unknown,1,,
Sundown Pass,who:310,unknown,1,,
Sunfall,frc:36,unknown,1,,
Sunforger,c16:275,unknown,1,,
Sungrass Prairie,fic:428,unknown,1,,
Sungrass Prairie,tdc:397,unknown,2,,
Sunken Hollow,tmc:76,unknown,1,,
Sunken Ruins,frc:86,unknown,1,,
Sunscorched Divide,fic:433,unknown,3,,
Sunscorched Divide,soc:410,unknown,1,,
Super Shredder,tmt:83,unknown,1,,
Super State,sld:2081,unknown,1,,
"Susur Secundi, Void Altar",eoe:259,unknown,1,,
Suture Priest,plst:NPH-25,unknown,1,,
Swamp,blb:373,unknown,7,,
Swamp,ecl:276,unknown,1,,
Swamp,ecl:281,unknown,1,,
Swamp,eoe:264,unknown,8,,
Swamp,fic:480,unknown,6,,
Swamp,fra:286,unknown,2,,
Swamp,pip:321,unknown,2,,
Swamp,pip:322,unknown,1,,
Swamp,sos:269,unknown,7,,
Swamp,tla:289,unknown,2,,
Swamp,trk:321,unknown,26,,
Swan Song,eoc:46,unknown,1,,
Swan Song,ltc:197,unknown,2,,
Swarmyard,eos:42,unknown,1,,
Swarmyard Massacre,blc:20,unknown,1,,
Swiftfoot Boots,tle:317,unknown,1,,
Sword of Feast and Famine,acr:124,unknown,1,,
Sword of the Animist,fic:362,unknown,1,,
Sword of the Animist,ltc:355,unknown,1,,
Swords to Plowshares,eoc:45,unknown,1,,
Swords to Plowshares,frc:37,unknown,1,,
Swords to Plowshares,msc:143,unknown,2,,
Swords to Plowshares,tdc:134,unknown,1,,
Swordsman's Steel,msc:752,unknown,1,,
Sylvan Library,cc1:5,unknown,1,,
Sylvan Library,spg:155,unknown,1,,
Sylvan Scrying,bfz:192,unknown,1,,
Synthetic Destiny,frc:45,unknown,1,,
"Syr Konrad, the Grim",fca:10,unknown,1,,
"Sythis, Harvest's Hand",cmm:938,unknown,1,,
Tablet of Discovery,sos:132,unknown,1,,
Tainted Field,pip:298,unknown,1,,
Tainted Peak,pip:300,unknown,1,,
Tainted Wood,dsc:305,unknown,1,,
Talisman of Conviction,cmm:978,unknown,1,,
Talisman of Conviction,fic:363,unknown,2,,
Talisman of Conviction,msc:217,unknown,1,,
Talisman of Conviction,pip:243,unknown,1,,
Talisman of Creativity,cmm:979,unknown,1,,
Talisman of Creativity,frc:61,unknown,1,,
Talisman of Creativity,soc:357,unknown,1,,
Talisman of Creativity,soc:429,unknown,1,,
Talisman of Dominance,e01:90,unknown,1,,
Talisman of Dominance,frc:62,unknown,1,,
Talisman of Dominance,scd:280,unknown,1,,
Talisman of Hierarchy,fic:365,unknown,1,,
Talisman of Hierarchy,pip:247,unknown,1,,
Talisman of Hierarchy,soc:431,unknown,1,,
Talisman of Indulgence,fic:366,unknown,1,,
Talisman of Indulgence,frc:63,unknown,1,,
Talisman of Indulgence,pip:248,unknown,1,,
Talisman of Progress,cmm:980,unknown,1,,
Talisman of Progress,fic:367,unknown,1,,
Talisman of Progress,frc:64,unknown,1,,
Talisman of Resilience,dsc:255,unknown,1,,
Talisman of Resilience,soc:432,unknown,1,,
Talisman of Unity,mkc:244,unknown,1,,
"Tatyova, Benthic Druid",cmm:687,unknown,1,,
Tectonic Giant,scd:161,unknown,1,,
Tectonic Hazard,lci:169,unknown,1,,
Tectonic Split,tle:208,unknown,1,,
Teferi's Ageless Insight,sld:2214,unknown,1,,
Teferi's Protection,sta:11,unknown,2,,
Teferi's Protection,tle:7,unknown,1,,
Teferi's Puzzle Box,9ed:312,unknown,1,,
Teferi's Reproach,frc:6,unknown,1,,
Teferi's Talent,moc:74,unknown,1,,
"Teferi, Hero of Dominaria",dom:207,unknown,1,,
"Teferi, Temporal Pilgrim",bro:293,unknown,1,,
"Tekuthal, Inquiry Dominus",eoc:78,unknown,1,,
"Tempestra, Dame of Games",tmc:27,unknown,1,,
Temple Garden,ecl:268,unknown,1,,
Temple Garden,ecl:351,unknown,2,,
Temple Garden,rvr:300,unknown,1,,
Temple Garden,trk:301,unknown,1,,
Temple of Silence,fdn:704,unknown,1,,
Tempt with Bunnies,blc:13,unknown,1,,
"Teyo, Geometric Tactician",cmm:725,unknown,1,,
The Aetherspark,pdft:231p,unknown,1,,
The Battle of Bywater,ltr:2,unknown,1,,
"The Boulder, Ready to Rumble",tla:168,unknown,1,,
The Cabbage Merchant,tle:134,unknown,1,,
The Chain Veil,cmm:943,unknown,1,,
The Clone Saga,spm:219,unknown,1,,
The Cloning of Shredder,tmt:60,unknown,1,,
The Coming of Galactus,msh:212,unknown,1,,
The Council of Four,clb:271,unknown,1,,
The Cruelty of Gix,dmu:87,unknown,1,,
The Earth King,tla:172,unknown,1,,
The Eternity Elevator,peoe:241p,unknown,1,,
The Gold Saucer,fin:279,unknown,1,,
The Goose Mother,soc:312,unknown,1,,
The Great Henge,tle:41,unknown,1,,
The Grey Havens,ltr:443,unknown,2,,
The Hunger Tide Rises,mh3:158,unknown,1,,
The Legend of Kuruk // Avatar Kuruk,tla:355,unknown,1,,
The Legend of Kyoshi // Avatar Kyoshi,tla:186,unknown,1,,
The Legend of Roku // Avatar Roku,tla:145,unknown,1,,
The Legend of Yangchen // Avatar Yangchen,tla:27,unknown,1,,
The Lion-Turtle,tla:328,unknown,1,,
The Locust God,moc:335,unknown,1,,
The Lonely Mountain,hob:187,unknown,1,,
The Masamune,fin:353,unknown,1,,
The Master of Lake-town,hob:77,unknown,1,,
"The Master, Multiplied",who:545,unknown,1,,
The Meathook Massacre,inr:122,unknown,1,,
The Meathook Massacre,inr:387,unknown,1,,
The Mending of Dominaria,otc:197,unknown,1,,
The Mindskinner,dsk:66,unknown,1,,
The One Ring,ltr:246,unknown,1,,
The Reaver Cleaver,m3c:217,unknown,1,,
The Reaver Cleaver,sld:2095,unknown,1,,
The Regalia,fin:267,unknown,2,,
The Restoration of Eiganjo // Architect of Restoration,neo:34,unknown,1,,
The Rollercrusher Ride,dsk:155,unknown,1,,
"The Sentry, Golden Guardian",msh:35,unknown,1,,
The Shire,ltr:260,unknown,1,,
The Soul Stone,spm:66,unknown,1,,
The Spirit Oasis,tla:72,unknown,1,,
The Unagi of Kyoshi Island,tla:77,unknown,2,,
The Unbeatable Squirrel Girl,msh:193,unknown,1,,
The Walls of Ba Sing Se,tla:329,unknown,2,,
The Wanderer,war:37,unknown,1,,
The War Games,who:30,unknown,1,,
The Watcher in the Water,ltr:354,unknown,1,,
The Weatherseed Treaty,dmu:188,unknown,1,,
The World Tree,khm:275,unknown,2,,
Thermo-Alchemist,inr:174,unknown,1,,
Thespian's Stage,eos:134,unknown,1,,
Thing in the Ice // Awoken Horror,inr:460,unknown,1,,
"Thor, Asgard's Avenger",msc:756,unknown,1,,
"Thor, God of Thunder",msh:156,unknown,1,,
Thorin Oakenshield,hob:202,unknown,1,,
Thornbite Staff,mb2:99,unknown,1,,
Thought Vessel,blc:289,unknown,1,,
Thought Vessel,fic:368,unknown,1,,
Thought Vessel,mb2:100,unknown,1,,
Thought Vessel,msc:222,unknown,1,,
Thran Dynamo,blc:290,unknown,2,,
Thran Dynamo,cmm:415,unknown,1,,
Thran Dynamo,cmm:658,unknown,1,,
Thran Portal,dmu:259,unknown,1,,
Three Tree City,blb:260,unknown,1,,
Three Tree City,blb:339,unknown,1,,
Three Visits,msc:181,unknown,1,,
Thriving Bluff,tle:260,unknown,1,,
Thriving Grove,tle:261,unknown,1,,
Thriving Isle,tle:263,unknown,1,,
Thriving Moor,tle:264,unknown,1,,
Throne of Eldraine,woc:28,unknown,1,,
Through the Forest Gate,hob:137,unknown,1,,
Thrummingbird,cmm:858,unknown,1,,
Thrummingbird,eoc:80,unknown,1,,
Thunderdrum Soloist,sos:134,unknown,1,,
Tibalt's Trickery,khm:153,unknown,1,,
Tifa Lockhart,fin:206,unknown,1,,
Timely Ward,dsc:107,unknown,1,,
Tocasia's Welcome,pbro:30p,unknown,1,,
Tocasia's Welcome,soc:181,unknown,1,,
"Toph, Earthbending Master",tle:209,unknown,1,,
"Toph, Greatest Earthbender",tle:70,unknown,1,,
"Toph, Hardheaded Teacher",tla:246,unknown,1,,
"Toph, the First Metalbender",tla:353,unknown,1,,
"Torbran, Thane of Red Fell",plst:ELD-147,unknown,1,,
"Toxrill, the Corrosive",vow:132,unknown,1,,
Training Center,cmm:665,unknown,3,,
Training Center,cmr:358,unknown,1,,
Training Compound,msh:275,unknown,1,,
Traveling Chocobo,fin:568,unknown,1,,
Treasure Vault,drc:180,unknown,1,,
"Trelasarra, Moon Dancer",afr:236,unknown,1,,
Treva's Ruins,dmr:260,unknown,1,,
Trial of a Time Lord,who:29,unknown,1,,
Tribute to Horobi // Echo of Death's Wail,neo:124,unknown,1,,
Trouble in Pairs,pza:3,unknown,1,,
Turbulent Crater,frc:16,unknown,1,,
Turbulent Fen,soc:55,unknown,2,,
Turbulent Moor,soc:104,unknown,1,,
Turbulent Moor,soc:56,unknown,2,,
Turbulent Shore,frc:17,unknown,1,,
Turbulent Springs,soc:105,unknown,2,,
Turbulent Springs,soc:57,unknown,1,,
Turbulent Steppe,soc:106,unknown,1,,
Turbulent Steppe,soc:58,unknown,2,,
Turbulent Wetlands,frc:18,unknown,1,,
Twilight Mire,eoc:189,unknown,1,,
Twilight Prophet,rix:88,unknown,1,,
Twinflame Tyrant,pfdn:97p,unknown,1,,
"Ty Lee, Chi Blocker",tla:76,unknown,1,,
Ultimate Magic: Holy,fic:32,unknown,1,,
Umbral Expanse,soc:108,unknown,1,,
Unbreakable Formation,ltc:179,unknown,1,,
Unbreakable Formation,sld:7052,unknown,1,,
Unclaimed Territory,ecc:175,unknown,1,,
Undead Alchemist,mic:105,unknown,1,,
Underground River,dsc:321,unknown,2,,
Underground River,frc:87,unknown,1,,
Undergrowth Stadium,tmc:80,unknown,2,,
Underworld Breach,mb2:200,unknown,2,,
Underworld Dreams,thb:121,unknown,1,,
United Front,tla:39,unknown,1,,
Unruly Catapult,woe:156,unknown,1,,
Unstoppable Plan,pdft:72p,unknown,1,,
Untimely Malfunction,dsk:161,unknown,1,,
Urabrask // The Great Work,mom:299,unknown,1,,
Urban Retreat,spm:187,unknown,1,,
"Urborg, Tomb of Yawgmoth",ltc:375,unknown,1,,
"Urborg, Tomb of Yawgmoth",tsr:287,unknown,1,,
Urza Assembles the Titans,dmu:37,unknown,1,,
Urza's Incubator,dmr:453,unknown,1,,
Urza's Ruinous Blast,cmm:842,unknown,1,,
Urza's Saga,slc:21,unknown,1,,
Utopia Sprawl,wot:63,unknown,1,,
"Valeria Richards, Precocious",msc:38,unknown,1,,
"Valgavoth, Harrower of Souls",dsc:6,unknown,1,,
Vampiric Rites,wot:37,unknown,1,,
Vandalblast,fic:298,unknown,1,,
Vault of Champions,cmm:436,unknown,1,,
Vault of Champions,cmm:667,unknown,1,,
Vault of the Archangel,tdc:410,unknown,1,,
Vengeful Bloodwitch,fdn:76,unknown,1,,
Verdant Catacombs,mh2:260,unknown,1,,
Verdant Catacombs,mm3:249,unknown,1,,
Verdant Catacombs,spg:118,unknown,1,,
Vernal Fen,ecc:63,unknown,1,,
"Veronica, Dissident Scribe",pip:598,unknown,1,,
"Veyran, Voice of Duality",tdc:310,unknown,1,,
Victimize,c15:139,unknown,1,,
Victimize,sld:2486,unknown,1,,
Village Pillagers,ecc:14,unknown,1,,
Viridescent Bog,eoc:190,unknown,1,,
Virtue of Knowledge // Vantress Visions,woe:279,unknown,1,,
Vision of Love,msh:158,unknown,1,,
Visions of Beyond,tle:21,unknown,1,,
"Vito, Thorn of the Dusk Rose",j25:71,unknown,1,,
Vivi Ornitier,fin:321,unknown,1,,
Vivi's Persistence,fic:458,unknown,1,,
Voice of the Blessed,inr:50,unknown,1,,
Voice of Victory,tdm:33,unknown,1,,
Voice of Victory,tdm:331,unknown,1,,
"Vraan, Executioner Thane",one:114,unknown,1,,
"Vraska, Betrayal's Sting",ecc:88,unknown,1,,
"Wan Shi Tong, Librarian",tla:78,unknown,1,,
War of the Last Alliance,ltr:36,unknown,1,,
War Room,soc:422,unknown,1,,
Warping Wail,m3c:162,unknown,1,,
Warren Soultrader,mh3:332,unknown,1,,
Wastewood Verge,dft:268,unknown,1,,
Wastewood Verge,pdft:268p,unknown,1,,
Waterbender Ascension,tla:79,unknown,1,,
Waterbender's Restoration,tle:99,unknown,1,,
Watery Grave,eoe:261,unknown,1,,
Watery Grave,eoe:286,unknown,1,,
Wear // Tear,dgm:135,unknown,1,,
Wear // Tear,pip:222,unknown,1,,
Weaver of Harmony,neo:213,unknown,2,,
Weftstalker Ardent,eoe:169,unknown,2,,
Welcoming Vampire,lcc:140,unknown,1,,
Welcoming Vampire,pvow:46★,unknown,1,,
Well of Lost Dreams,c21:275,unknown,1,,
Whip of Erebos,sld:2218,unknown,2,,
Whirlpool Warrior,apc:36,unknown,1,,
Whirlwind of Thought,frc:51,unknown,1,,
Whirlwind Technique,tle:100,unknown,1,,
Whispering Madness,c16:229,unknown,1,,
White Lotus Hideout,tla:281,unknown,1,,
White Sun's Twilight,frc:38,unknown,1,,
Wight of the Reliquary,mh3:207,unknown,1,,
Wild Growth,sld:7049,unknown,1,,
Windcrag Siege,frc:52,unknown,1,,
Windcrag Siege,ptdm:235p,unknown,1,,
Windfall,sld:2182,unknown,1,,
Winds of Abandon,mh1:37,unknown,1,,
Winds of Abandon,soa:12,unknown,1,,
Winds of Change,mar:30,unknown,1,,
Windswept Heath,ktk:248,unknown,1,,
Windswept Heath,mh3:235,unknown,2,,
Windswept Heath,mh3:360,unknown,2,,
Witch's Clinic,dsc:325,unknown,1,,
Witch's Oven,eld:237,unknown,1,,
Withering Curse,sos:105,unknown,1,,
Witty Roastmaster,snc:131,unknown,1,,
Wizard's Staff,hob:59,unknown,2,,
Wooded Bastion,2xm:332,unknown,1,,
Wooded Foothills,mh3:236,unknown,3,,
Woodland Cemetery,tdc:412,unknown,1,,
Wrath of God,dmr:416,unknown,1,,
Wrenn and Realmbreaker,mom:217,unknown,1,,
Xorn,sld:2495,unknown,1,,
Y'shtola Rhul,fin:86,unknown,1,,
"Yawgmoth, Thran Physician",fca:11,unknown,1,,
"Yedora, Grave Gardener",mul:30,unknown,1,,
"Yenna, Redtooth Regent",woe:219,unknown,1,,
"Yes Man, Personal Securitron",pip:29,unknown,1,,
"Yue, the Moon Spirit",tla:83,unknown,1,,
"Yuna, Hope of Spira",fin:250,unknown,1,,
"Yuna, Hope of Spira",fin:571,unknown,1,,
"Zellix, Sanity Flayer",clb:652,unknown,1,,
Zulaport Cutthroat,blc:190,unknown,1,,
Zulaport Cutthroat,soc:233,unknown,1,,
Zurgo Stormrender,tdc:10,unknown,1,,
"Zurgo, Thunder's Decree",tdm:237,unknown,1,,
"Éowyn, Shieldmaiden",ltc:1,unknown,1,,
