card,printing,foil,finish,quantity
Ajani Resolute,fra:195,no,normal,1
Ajani's Anguish,fra:72,no,normal,1
Bloodline Recollector // Ancestral Craving,fra:49,no,normal,1
Carnivorous Cultivator // Enroot,fra:100,no,normal,1
Carnivorous Cultivator // Enroot,fra:437,yes,foil,2
"Chandra, Chill of Compliance",fra:212,no,normal,1
"Codie, Ravenous Codex",fra:168,no,normal,1
Curse-Marred Demon,fra:79,no,normal,1
Diviner of Victory // Unwind History,fra:28,no,normal,2
"Emrakul, the Exigent Doom",fra:1,no,normal,1
Enlightened Confidant,fra:5,no,normal,1
Entrust the Spark,fra:131,no,normal,1
Extrapolate the Impossible,fra:55,no,normal,1
Face Yourself,fra:83,no,normal,1
Frostbite Pyromental,fra:135,no,normal,1
Germinate Recruits,fra:334,no,normal,1
Germinate Recruits,fra:9,no,normal,1
Germinate Recruits,fra:9,yes,foil,1
Guiding Hydra,fra:11,no,normal,1
Hall of Echoes,fra:179,no,normal,1
Hungering Puppetbeast,fra:107,no,normal,1
Hungering Puppetbeast,fra:107,yes,foil,1
Identity Echo,fra:87,no,normal,1
"Karn, Argent Defender",fra:279,no,normal,2
"Karn, Gilded Guardian",fra:272,no,normal,2
Kwia Vigorbloom,fra:140,yes,foil,1
Loyal Tutor,fra:14,no,normal,1
Loyal Tutor,fra:404,yes,foil,1
"Lyra, Archangel of Dawn",fra:201,no,normal,1
"Lyra, Tolarian Archangel",fra:301,no,normal,1
Master of Barbs,fra:344,no,normal,1
Master of Barbs,fra:88,no,normal,1
Null Summoner,fra:142,no,normal,1
Overgrown Farmland,fra:399,no,normal,1
Pompous Battlemage // Improvised Act,fra:90,no,normal,1
Puppet Crafting,fra:111,no,normal,2
Pyre Rhymer // Molten Tide,fra:91,no,normal,1
Roiling Canopy,fra:187,no,normal,2
Roiling Canopy,fra:380,yes,foil,1
"Samut, Hazoret's Champion",fra:311,no,normal,1
"Samut, Tyrant of Naktamun",fra:302,no,normal,1
Simulacrum Shaper,fra:113,yes,foil,1
Solarium Sentry,fra:376,no,normal,1
Stinging Vitriol,fra:356,no,normal,1
Theorist's Sanctum,fra:191,no,normal,1
Turbulent Shore,frc:17,no,normal,1
Variable Chaser // Arc of Fortune,fra:47,no,normal,2
Vraska's Final Mercy,fra:343,no,normal,1
Vraska's Final Mercy,fra:71,no,normal,2
"Vraska, the Cutting Glare",fra:278,no,normal,1
